﻿<parameters>
  <parameter name="IIS Web Application Name" defaultValue="woodenitems.somee.com" tags="IisApp">
    <parameterEntry kind="ProviderPath" scope="IisApp" match="^C:\\Users\\dmitr_000\\Desktop\\woodenitems\\woodenitems\\obj\\Release\\Package\\PackageTmp$" />
    <parameterEntry kind="ProviderPath" scope="setAcl" match="^C:\\Users\\dmitr_000\\Desktop\\woodenitems\\woodenitems\\obj\\Release\\Package\\PackageTmp$" />
  </parameter>
  <parameter name="DefaultConnection-Web.config Connection String" defaultValue="Data Source=(LocalDb)\MSSQLLocalDB;AttachDbFilename=|DataDirectory|\aspnet-WebApplication1-20170825104554.mdf;Initial Catalog=aspnet-WebApplication1-20170825104554;Integrated Security=True">
    <parameterEntry kind="XmlFile" scope="C:\\Users\\dmitr_000\\Desktop\\woodenitems\\woodenitems\\obj\\Release\\Package\\PackageTmp\\Web\.config$" match="/configuration/connectionStrings/add[@name='DefaultConnection']/@connectionString" />
  </parameter>
  <parameter name="woodenitems.Models.WoodenContext-Web.config Connection String" defaultValue="woodenitems.Models.WoodenContext_ConnectionString">
    <parameterEntry kind="XmlFile" scope="C:\\Users\\dmitr_000\\Desktop\\woodenitems\\woodenitems\\obj\\Release\\Package\\PackageTmp\\Web\.config$" match="/configuration/connectionStrings/add[@name='woodenitems.Models.WoodenContext']/@connectionString" />
  </parameter>
  <parameter name="IdentityDb-Web.config Connection String" description="IdentityDb Строка подключения в web.config, используемая приложением для доступа к базе данных." defaultValue="Data Source=(localdb)\v11.0;AttachDbFilename=|DataDirectory|\IdentityDb.mdf;Integrated Security=True;" tags="SqlConnectionString">
    <parameterEntry kind="XmlFile" scope="C:\\Users\\dmitr_000\\Desktop\\woodenitems\\woodenitems\\obj\\Release\\Package\\PackageTmp\\Web\.config$" match="/configuration/connectionStrings/add[@name='IdentityDb']/@connectionString" />
  </parameter>
</parameters>